name,price,rating
The Theory Of Everything,169,4.5 out of 5 stars
,169,
Stephen Hawking: A Biography,315,4.6 out of 5 stars
,315,
BRIEF ANSWERS TO THE BIG QUESTIONS (B PB ),317,4.6 out of 5 stars
,317,
Black Holes (L) : The Reith Lectures,118,4.5 out of 5 stars
,118,
"A Brief History Of Time: From Big Bang To Black Holes [Paperback] Hawking, Stephen",325,4.6 out of 5 stars
,325,
Relativity: The Special And The General Theory by Albert Einstein - Theory of Relativity | Physics and Astrophysics | Space and Time | General Relativity | Scientific Explanation | Albert Einstein Books,169,4.5 out of 5 stars
,169,
The Theory Of Everything,169,4.5 out of 5 stars
,169,
Unlocking the Universe,367,4.7 out of 5 stars
,367,
"Universe In A Nutshell, The: the beautifully illustrated follow up to Professor Stephen Hawking’s bestselling masterpiece A Brief History of Time","1,034",4.7 out of 5 stars
,"1,034",
Relativity: The Special And The General Theory by Albert Einstein - Theory of Relativity | Physics and Astrophysics | Space and Time | General Relativity | Scientific Explanation | Albert Einstein Books,169,4.5 out of 5 stars
,169,
Quantum Theory,109,4.4 out of 5 stars
,109,
"Greatest Scientific Minds (Boxed Set of 3): Charles Darwin, Albert Einstein, Isaac Newton - Origin of Species | Relativity: The General and The Special Theory | The Principia",679,
,679,
The Power of Your Subconscious Mind,149,4.5 out of 5 stars
,149,
Black Holes And Baby Universes And Other,362,4.4 out of 5 stars
,362,
"Grand Design, The",495,4.5 out of 5 stars
,495,
"Briefer History of Time, A",401,4.6 out of 5 stars
,401,
My Brief History,188,4.4 out of 5 stars
,188,
George's Secret Key to the Universe (Book 1),271,4.6 out of 5 stars
,271,
A BRIEF HISTORY OF TIME BY STEPHEN HAWKING PAPERBACK ENGLISH EDITION 2023,265,3.5 out of 5 stars
,265,
God Created the Integers: The Mathematical Breakthroughs That Changed History [Paperback] Stephen Hawking,574,4.6 out of 5 stars
,574,
"WILL WE SURVIVE ON EARTH? (Brief Answers, Big Questions)",359,4.5 out of 5 stars
,359,
World’s Greatest Books For Personal Growth & Wealth (Set of 4 Books) : Perfect Motivational Gift Set,349,4.5 out of 5 stars
,349,
Relativity: The Special And The General Theory by Albert Einstein - Theory of Relativity | Physics and Astrophysics | Space and Time | General Relativity | Scientific Explanation | Albert Einstein Books,169,4.5 out of 5 stars
,169,
World’s Greatest Books For Personal Growth & Wealth (Set of 4 Books) : Perfect Motivational Gift Set,349,4.5 out of 5 stars
,349,
